price,beds,property_type,url
350000,3,Terraced,https://www.rightmove.co.uk/properties/162690938#/?channel=RES_BUY
350000,3,End of Terrace,https://www.rightmove.co.uk/properties/160308218#/?channel=RES_BUY
375000,3,House,https://www.rightmove.co.uk/properties/157654862#/?channel=RES_BUY
410000,3,Terraced,https://www.rightmove.co.uk/properties/138261212#/?channel=RES_BUY
425000,2,Terraced,https://www.rightmove.co.uk/properties/162615983#/?channel=RES_BUY
425000,2,Semi-Detached,https://www.rightmove.co.uk/properties/161664164#/?channel=RES_BUY
425000,2,Terraced,https://www.rightmove.co.uk/properties/162761552#/?channel=RES_BUY
425000,2,Terraced,https://www.rightmove.co.uk/properties/161384090#/?channel=RES_BUY
425000,3,Semi-Detached,https://www.rightmove.co.uk/properties/158690195#/?channel=RES_BUY
425000,2,Terraced,https://www.rightmove.co.uk/properties/162808733#/?channel=RES_BUY
450000,3,End of Terrace,https://www.rightmove.co.uk/properties/161850383#/?channel=RES_BUY
450000,4,Semi-Detached,https://www.rightmove.co.uk/properties/162761546#/?channel=RES_BUY
450000,2,Semi-Detached,https://www.rightmove.co.uk/properties/162562844#/?channel=RES_BUY
450000,3,Terraced,https://www.rightmove.co.uk/properties/158418041#/?channel=RES_BUY
450000,3,Terraced,https://www.rightmove.co.uk/properties/163008308#/?channel=RES_BUY
450000,3,Terraced,https://www.rightmove.co.uk/properties/161358881#/?channel=RES_BUY
450000,3,Terraced,https://www.rightmove.co.uk/properties/159939896#/?channel=RES_BUY
475000,3,Terraced,https://www.rightmove.co.uk/properties/162681113#/?channel=RES_BUY
475000,2,End of Terrace,https://www.rightmove.co.uk/properties/162412583#/?channel=RES_BUY
475000,3,Terraced,https://www.rightmove.co.uk/properties/159323525#/?channel=RES_BUY
475000,2,End of Terrace,https://www.rightmove.co.uk/properties/159204311#/?channel=RES_BUY
475000,2,Terraced,https://www.rightmove.co.uk/properties/157614275#/?channel=RES_BUY
475000,2,End of Terrace,https://www.rightmove.co.uk/properties/160997981#/?channel=RES_BUY
475000,3,Semi-Detached,https://www.rightmove.co.uk/properties/145188098#/?channel=RES_BUY
495000,2,Terraced,https://www.rightmove.co.uk/properties/161868110#/?channel=RES_BUY
500000,2,End of Terrace,https://www.rightmove.co.uk/properties/161884898#/?channel=RES_BUY
500000,4,Terraced,https://www.rightmove.co.uk/properties/162761540#/?channel=RES_BUY
500000,4,Semi-Detached,https://www.rightmove.co.uk/properties/160215110#/?channel=RES_BUY
500000,3,Semi-Detached,https://www.rightmove.co.uk/properties/162972632#/?channel=RES_BUY
500000,3,Semi-Detached,https://www.rightmove.co.uk/properties/160171787#/?channel=RES_BUY
500000,2,Semi-Detached,https://www.rightmove.co.uk/properties/159236534#/?channel=RES_BUY
500000,3,End of Terrace,https://www.rightmove.co.uk/properties/158646599#/?channel=RES_BUY
510000,3,Terraced,https://www.rightmove.co.uk/properties/162966224#/?channel=RES_BUY
515000,3,Terraced,https://www.rightmove.co.uk/properties/160536428#/?channel=RES_BUY
525000,2,Semi-Detached,https://www.rightmove.co.uk/properties/159177416#/?channel=RES_BUY
525000,3,Terraced,https://www.rightmove.co.uk/properties/162681200#/?channel=RES_BUY
525000,2,Terraced,https://www.rightmove.co.uk/properties/159549191#/?channel=RES_BUY
525000,2,End of Terrace,https://www.rightmove.co.uk/properties/162854063#/?channel=RES_BUY
525000,3,End of Terrace,https://www.rightmove.co.uk/properties/158720267#/?channel=RES_BUY
535000,3,Terraced,https://www.rightmove.co.uk/properties/161530892#/?channel=RES_BUY
550000,4,Terraced,https://www.rightmove.co.uk/properties/161930735#/?channel=RES_BUY
550000,3,End of Terrace,https://www.rightmove.co.uk/properties/162681131#/?channel=RES_BUY
550000,3,Terraced,https://www.rightmove.co.uk/properties/161230736#/?channel=RES_BUY
550000,4,Terraced,https://www.rightmove.co.uk/properties/162490412#/?channel=RES_BUY
550000,2,Terraced,https://www.rightmove.co.uk/properties/159416663#/?channel=RES_BUY
550000,2,End of Terrace,https://www.rightmove.co.uk/properties/152314763#/?channel=RES_BUY
550000,4,Terraced,https://www.rightmove.co.uk/properties/158547176#/?channel=RES_BUY
550000,3,Semi-Detached,https://www.rightmove.co.uk/properties/162919214#/?channel=RES_BUY
550000,3,Semi-Detached,https://www.rightmove.co.uk/properties/161850515#/?channel=RES_BUY
575000,4,End of Terrace,https://www.rightmove.co.uk/properties/158322047#/?channel=RES_BUY
575000,3,Semi-Detached,https://www.rightmove.co.uk/properties/159303878#/?channel=RES_BUY
575000,4,End of Terrace,https://www.rightmove.co.uk/properties/151997231#/?channel=RES_BUY
575000,3,Semi-Detached,https://www.rightmove.co.uk/properties/162816608#/?channel=RES_BUY
575000,2,Terraced,https://www.rightmove.co.uk/properties/161395667#/?channel=RES_BUY
575000,3,End of Terrace,https://www.rightmove.co.uk/properties/161635151#/?channel=RES_BUY
575000,3,End of Terrace,https://www.rightmove.co.uk/properties/162707864#/?channel=RES_BUY
580000,3,Semi-Detached,https://www.rightmove.co.uk/properties/160399103#/?channel=RES_BUY
595000,2,Semi-Detached,https://www.rightmove.co.uk/properties/158208956#/?channel=RES_BUY
600000,4,Semi-Detached,https://www.rightmove.co.uk/properties/162412577#/?channel=RES_BUY
600000,4,Semi-Detached,https://www.rightmove.co.uk/properties/162738638#/?channel=RES_BUY
600000,3,Semi-Detached,https://www.rightmove.co.uk/properties/159780794#/?channel=RES_BUY
600000,5,Semi-Detached,https://www.rightmove.co.uk/properties/162094655#/?channel=RES_BUY
600000,4,Terraced,https://www.rightmove.co.uk/properties/157774058#/?channel=RES_BUY
600000,2,Semi-Detached,https://www.rightmove.co.uk/properties/159646967#/?channel=RES_BUY
600000,5,Semi-Detached,https://www.rightmove.co.uk/properties/162282614#/?channel=RES_BUY
625000,2,Terraced,https://www.rightmove.co.uk/properties/162294515#/?channel=RES_BUY
625000,4,End of Terrace,https://www.rightmove.co.uk/properties/162575087#/?channel=RES_BUY
650000,3,Semi-Detached,https://www.rightmove.co.uk/properties/153497966#/?channel=RES_BUY
650000,2,Semi-Detached,https://www.rightmove.co.uk/properties/162725492#/?channel=RES_BUY
650000,3,End of Terrace,https://www.rightmove.co.uk/properties/162809525#/?channel=RES_BUY
650000,4,End of Terrace,https://www.rightmove.co.uk/properties/162254363#/?channel=RES_BUY
675000,4,Semi-Detached,https://www.rightmove.co.uk/properties/162807818#/?channel=RES_BUY
675000,4,Town House,https://www.rightmove.co.uk/properties/162199331#/?channel=RES_BUY
700000,4,Semi-Detached,https://www.rightmove.co.uk/properties/161850332#/?channel=RES_BUY
700000,3,Semi-Detached,https://www.rightmove.co.uk/properties/162891758#/?channel=RES_BUY
700000,4,Semi-Detached,https://www.rightmove.co.uk/properties/161230433#/?channel=RES_BUY
720000,2,Semi-Detached Bungalow,https://www.rightmove.co.uk/properties/161944607#/?channel=RES_BUY
725000,6,Semi-Detached,https://www.rightmove.co.uk/properties/162618338#/?channel=RES_BUY
750000,3,End of Terrace,https://www.rightmove.co.uk/properties/157358447#/?channel=RES_BUY
750000,3,Detached,https://www.rightmove.co.uk/properties/160398734#/?channel=RES_BUY
770000,4,Detached,https://www.rightmove.co.uk/properties/157341605#/?channel=RES_BUY
775000,4,End of Terrace,https://www.rightmove.co.uk/properties/161850359#/?channel=RES_BUY
775000,4,End of Terrace,https://www.rightmove.co.uk/properties/161543426#/?channel=RES_BUY
775000,3,Semi-Detached,https://www.rightmove.co.uk/properties/153666350#/?channel=RES_BUY
780000,4,Semi-Detached,https://www.rightmove.co.uk/properties/161811473#/?channel=RES_BUY
800000,4,End of Terrace,https://www.rightmove.co.uk/properties/161700587#/?channel=RES_BUY
800000,3,Detached,https://www.rightmove.co.uk/properties/160173923#/?channel=RES_BUY
800000,3,Semi-Detached,https://www.rightmove.co.uk/properties/162194231#/?channel=RES_BUY
825000,5,Terraced,https://www.rightmove.co.uk/properties/158594000#/?channel=RES_BUY
850000,4,Semi-Detached,https://www.rightmove.co.uk/properties/159974048#/?channel=RES_BUY
850000,4,Detached,https://www.rightmove.co.uk/properties/161034362#/?channel=RES_BUY
900000,4,Semi-Detached,https://www.rightmove.co.uk/properties/160703519#/?channel=RES_BUY
900000,4,Detached,https://www.rightmove.co.uk/properties/159176177#/?channel=RES_BUY
900000,3,Detached,https://www.rightmove.co.uk/properties/161616032#/?channel=RES_BUY
900000,4,Detached,https://www.rightmove.co.uk/properties/162282539#/?channel=RES_BUY
900000,4,Detached,https://www.rightmove.co.uk/properties/160918175#/?channel=RES_BUY
925000,4,Semi-Detached,https://www.rightmove.co.uk/properties/162412679#/?channel=RES_BUY
925000,3,Semi-Detached,https://www.rightmove.co.uk/properties/162970154#/?channel=RES_BUY
950000,4,Semi-Detached,https://www.rightmove.co.uk/properties/160308227#/?channel=RES_BUY
975000,3,Semi-Detached,https://www.rightmove.co.uk/properties/162588764#/?channel=RES_BUY
975000,4,Semi-Detached,https://www.rightmove.co.uk/properties/161177729#/?channel=RES_BUY
1000000,3,Detached,https://www.rightmove.co.uk/properties/161548760#/?channel=RES_BUY
1000000,4,Detached,https://www.rightmove.co.uk/properties/159687785#/?channel=RES_BUY
1050000,4,Detached,https://www.rightmove.co.uk/properties/162282599#/?channel=RES_BUY
1100000,4,Detached,https://www.rightmove.co.uk/properties/158947424#/?channel=RES_BUY
1125000,4,Semi-Detached,https://www.rightmove.co.uk/properties/159703223#/?channel=RES_BUY
1150000,4,Detached,https://www.rightmove.co.uk/properties/156848291#/?channel=RES_BUY
1150000,4,Detached,https://www.rightmove.co.uk/properties/157993139#/?channel=RES_BUY
1175000,4,Detached,https://www.rightmove.co.uk/properties/162457880#/?channel=RES_BUY
1200000,5,Detached,https://www.rightmove.co.uk/properties/157097849#/?channel=RES_BUY
1200000,5,Detached,https://www.rightmove.co.uk/properties/157869884#/?channel=RES_BUY
1200000,5,Detached,https://www.rightmove.co.uk/properties/160790582#/?channel=RES_BUY
1250000,4,Detached,https://www.rightmove.co.uk/properties/160413167#/?channel=RES_BUY
1250000,5,Detached,https://www.rightmove.co.uk/properties/153604535#/?channel=RES_BUY
1270000,4,Detached,https://www.rightmove.co.uk/properties/160208477#/?channel=RES_BUY
1295000,4,Detached,https://www.rightmove.co.uk/properties/159772256#/?channel=RES_BUY
1325000,4,Detached,https://www.rightmove.co.uk/properties/158212505#/?channel=RES_BUY
1350000,5,Detached,https://www.rightmove.co.uk/properties/157625543#/?channel=RES_BUY
1350000,4,Detached,https://www.rightmove.co.uk/properties/160396910#/?channel=RES_BUY
1350000,4,Detached,https://www.rightmove.co.uk/properties/160908230#/?channel=RES_BUY
1400000,4,Detached,https://www.rightmove.co.uk/properties/153139262#/?channel=RES_BUY
1500000,4,Detached,https://www.rightmove.co.uk/properties/161490509#/?channel=RES_BUY
1500000,6,Detached,https://www.rightmove.co.uk/properties/159332600#/?channel=RES_BUY
1500000,4,Detached,https://www.rightmove.co.uk/properties/160990622#/?channel=RES_BUY
1550000,5,Character Property,https://www.rightmove.co.uk/properties/161611040#/?channel=RES_BUY
1595000,5,Detached,https://www.rightmove.co.uk/properties/154102028#/?channel=RES_BUY
1600000,4,Detached,https://www.rightmove.co.uk/properties/158633564#/?channel=RES_BUY
1600000,4,Detached,https://www.rightmove.co.uk/properties/162191252#/?channel=RES_BUY
1600000,4,Detached Bungalow,https://www.rightmove.co.uk/properties/162052562#/?channel=RES_BUY
1600000,5,Detached,https://www.rightmove.co.uk/properties/152722346#/?channel=RES_BUY
1699000,5,Detached,https://www.rightmove.co.uk/properties/152863589#/?channel=RES_BUY
1700000,6,Detached,https://www.rightmove.co.uk/properties/156082220#/?channel=RES_BUY
1725000,4,Semi-Detached,https://www.rightmove.co.uk/properties/162027551#/?channel=RES_BUY
1750000,5,Detached,https://www.rightmove.co.uk/properties/154658978#/?channel=RES_BUY
1850000,5,Detached,https://www.rightmove.co.uk/properties/161391209#/?channel=RES_BUY
2000000,3,Detached,https://www.rightmove.co.uk/properties/160072166#/?channel=RES_BUY
2000000,5,Detached,https://www.rightmove.co.uk/properties/159968921#/?channel=RES_BUY
2195000,4,Detached,https://www.rightmove.co.uk/properties/149717870#/?channel=RES_BUY
2195000,4,Detached,https://www.rightmove.co.uk/properties/144319634#/?channel=RES_BUY
2250000,6,Detached,https://www.rightmove.co.uk/properties/159007433#/?channel=RES_BUY
2250000,4,Detached,https://www.rightmove.co.uk/properties/157935149#/?channel=RES_BUY
2400000,6,Detached,https://www.rightmove.co.uk/properties/162436094#/?channel=RES_BUY
2400000,6,Detached,https://www.rightmove.co.uk/properties/160183349#/?channel=RES_BUY
2500000,4,Detached,https://www.rightmove.co.uk/properties/149763296#/?channel=RES_BUY
2500000,6,Detached,https://www.rightmove.co.uk/properties/152418557#/?channel=RES_BUY
2500000,3,Detached,https://www.rightmove.co.uk/properties/141314516#/?channel=RES_BUY
2600000,5,Detached,https://www.rightmove.co.uk/properties/158871272#/?channel=RES_BUY
2725000,7,Detached,https://www.rightmove.co.uk/properties/162885239#/?channel=RES_BUY
2999995,5,Detached,https://www.rightmove.co.uk/properties/158976287#/?channel=RES_BUY
3000000,5,Detached,https://www.rightmove.co.uk/properties/160793627#/?channel=RES_BUY
3000000,5,Detached,https://www.rightmove.co.uk/properties/160816637#/?channel=RES_BUY
3500000,7,Detached,https://www.rightmove.co.uk/properties/158612318#/?channel=RES_BUY
3750000,5,Detached,https://www.rightmove.co.uk/properties/156160406#/?channel=RES_BUY
3750000,7,Detached,https://www.rightmove.co.uk/properties/160958651#/?channel=RES_BUY
4250000,8,Detached,https://www.rightmove.co.uk/properties/161484056#/?channel=RES_BUY
4950000,7,Detached,https://www.rightmove.co.uk/properties/161338865#/?channel=RES_BUY
